<?xml version="1.0" encoding="iso-8859-1"?>
<Package Name="JclFavoriteFoldersExpertDLL" Type="L">
  <Description>JCL Open and Save IDE dialogs with favorite folders</Description>
  <GUID/>
  <C5PFlags>-LUvcl50 -LUdsnide50 -LUJclC50 -LUJclBaseExpertC50</C5PFlags>
  <C6PFlags>-LUdesignide</C6PFlags>
  <C5Libs/>
  <C6Libs/>
  <ImageBase>$58020000</ImageBase>
  <VersionMajorNumber>1</VersionMajorNumber>
  <VersionMinorNumber>97</VersionMinorNumber>
  <ReleaseNumber>1</ReleaseNumber>
  <BuildNumber>2172</BuildNumber>
  <Requires>
    <Package Name="rtl" Targets="WinLibSuffix" Condition=""/>
    <Package Name="vcl50" Targets="c5,d5" Condition=""/>
    <Package Name="vcl" Targets="WinLibSuffix" Condition=""/>
    <Package Name="dsnide50" Targets="c5,d5" Condition=""/>
    <Package Name="designide" Targets="WinLibSuffix" Condition=""/>
    <Package Name="Jcl" Targets="WinLibSuffix" Condition=""/>
    <Package Name="Jcl50" Targets="c5,d5" Condition=""/>
    <Package Name="JclBaseExpert-D" Targets="Windows,Bds" Condition=""/>
  </Requires>
  <Contains>
    <File Name="..\..\experts\favfolders\IdeOpenDlgFavoriteUnit.pas" Targets="Windows,Bds" Formname="" Condition=""/>
    <File Name="..\..\experts\favfolders\OpenDlgFavAdapter.pas" Targets="Windows,Bds" Formname="" Condition=""/>
  </Contains>
</Package>
