<?xml version="1.0" encoding="iso-8859-1"?>
<Package Name="JclSIMDViewExpertDLL" Type="L">
  <Description>JCL Debug Window of XMM registers</Description>
  <GUID/>
  <C5PFlags>-LUvcl50 -LUdsnide50 -LUJclC50 -LUJclBaseExpertC50</C5PFlags>
  <C6PFlags>-LUdesignide</C6PFlags>
  <C5Libs/>
  <C6Libs/>
  <ImageBase>$58040000</ImageBase>
  <VersionMajorNumber>1</VersionMajorNumber>
  <VersionMinorNumber>97</VersionMinorNumber>
  <ReleaseNumber>1</ReleaseNumber>
  <BuildNumber>2172</BuildNumber>
  <Requires>
    <Package Name="rtl" Targets="WinLibSuffix" Condition=""/>
    <Package Name="vcl50" Targets="c5,d5" Condition=""/>
    <Package Name="vcl" Targets="WinLibSuffix" Condition=""/>
    <Package Name="dsnide50" Targets="c5,d5" Condition=""/>
    <Package Name="designide" Targets="WinLibSuffix" Condition=""/>
    <Package Name="Jcl" Targets="WinLibSuffix" Condition=""/>
    <Package Name="Jcl50" Targets="c5,d5" Condition=""/>
    <Package Name="JclBaseExpert-D" Targets="Windows" Condition=""/>
  </Requires>
  <Contains>
    <File Name="..\..\experts\debug\simdview\JclSIMDViewForm.pas" Targets="Windows" Formname="JclSIMDViewFrm" Condition=""/>
    <File Name="..\..\experts\debug\simdview\JclSIMDView.pas" Targets="Windows" Formname="" Condition=""/>
    <File Name="..\..\experts\debug\simdview\JclSIMDUtils.pas" Targets="Windows" Formname="" Condition=""/>
    <File Name="..\..\experts\debug\simdview\JclSIMDModifyForm.pas" Targets="Windows" Formname="JclSIMDModifyFrm" Condition=""/>
    <File Name="..\..\experts\debug\simdview\JclSIMDCpuInfo.pas" Targets="Windows" Formname="JclFormCpuInfo" Condition=""/>
  </Contains>
</Package>
