<?xml version="1.0" encoding="iso-8859-1"?>
<Package Name="JclVcl" Design="0">
  <Description>JEDI Code Library VCL package</Description>
  <GUID/>
  <C5PFlags/>
  <C6PFlags/>
  <C5Libs/>
  <C6Libs/>
  <ImageBase>$48200000</ImageBase>
  <VersionMajorNumber>1</VersionMajorNumber>
  <VersionMinorNumber>97</VersionMinorNumber>
  <ReleaseNumber>1</ReleaseNumber>
  <BuildNumber>2172</BuildNumber>
  <Requires>
    <Package Name="rtl" Targets="WinLibSuffix" Condition=""/>
    <Package Name="vcl" Targets="WinLibSuffix" Condition=""/>
    <Package Name="vcljpg" Targets="WinLibSuffix" Condition=""/>
    <Package Name="Jcl" Targets="all" Condition=""/>
    <Package Name="vcl50" Targets="c5,d5" Condition=""/>
    <Package Name="vcljpg50" Targets="c5,d5" Condition=""/>
  </Requires>
  <Contains>
    <File Name="..\..\source\vcl\JclPrint.pas" Targets="Vcl" Formname="" Condition=""/>
    <File Name="..\..\source\vcl\JclGraphUtils.pas" Targets="Vcl" Formname="" Condition=""/>
    <File Name="..\..\source\vcl\JclGraphics.pas" Targets="Vcl" Formname="" Condition=""/>
    <File Name="..\..\source\prototypes\JclGraphUtils.pas" Targets="VclDev" Formname="" Condition=""/>
    <File Name="..\..\source\prototypes\JclGraphics.pas" Targets="VclDev" Formname="" Condition=""/>
  </Contains>
</Package>
