<?xml version="1.0" encoding="iso-8859-1"?>
<Package Name="JclVersionControlExpert" Design="-1">
  <Description>JCL Integration of version control systems in the IDE</Description>
  <GUID/>
  <C5PFlags>-LUvcl50 -LUdsnide50 -LUJclC50 -LUJclBaseExpertC50</C5PFlags>
  <C6PFlags>-LUdesignide</C6PFlags>
  <C5Libs/>
  <C6Libs/>
  <ImageBase>$58070000</ImageBase>
  <VersionMajorNumber>1</VersionMajorNumber>
  <VersionMinorNumber>97</VersionMinorNumber>
  <ReleaseNumber>1</ReleaseNumber>
  <BuildNumber>2172</BuildNumber>
  <Requires>
    <Package Name="rtl" Targets="WinLibSuffix" Condition=""/>
    <Package Name="vcl50" Targets="c5,d5" Condition=""/>
    <Package Name="vcl" Targets="WinLibSuffix" Condition=""/>
    <Package Name="dsnide50" Targets="c5,d5" Condition=""/>
    <Package Name="designide" Targets="WinLibSuffix" Condition=""/>
    <Package Name="Jcl" Targets="WinLibSuffix" Condition=""/>
    <Package Name="Jcl50" Targets="c5,d5" Condition=""/>
    <Package Name="JclBaseExpert-D" Targets="Windows" Condition=""/>
  </Requires>
  <Contains>
    <File Name="..\..\experts\versioncontrol\VersionControlImpl.pas" Targets="Windows" Formname="" Condition=""/>
    <File Name="..\..\experts\versioncontrol\JclVersionCtrlCommonOptions.pas" Targets="Windows" Formname="JclVersionCtrlOptionsFrame: TFrame" Condition=""/>
    <File Name="..\..\experts\versioncontrol\JclVersionCtrlCVSImpl.pas" Targets="Windows" Formname="" Condition=""/>
    <File Name="..\..\experts\versioncontrol\JclVersionCtrlSVNImpl.pas" Targets="Windows" Formname="" Condition=""/>
  </Contains>
</Package>
